2011-12-04,104.62
2011-12-03,104.43
2011-12-02,104.611
2011-12-01,104.68
2011-11-30,104.189
2011-11-29,103.851
2011-11-28,103.71
2011-11-27,103.254
2011-11-26,102.83
2011-11-25,102.814
2011-11-24,102.844
2011-11-23,103.074
2011-11-22,103.958
2011-11-21,103.823
2011-11-20,103.642
2011-11-19,104.036
2011-11-18,104
2011-11-17,103.585
2011-11-16,103.95
2011-11-15,104.314
2011-11-14,104.93
2011-11-13,106.39
2011-11-12,106.13
2011-11-11,106.093
2011-11-10,105.443
2011-11-09,105.375
2011-11-08,107.54
2011-11-07,107.542
2011-11-06,107.624
2011-11-05,107.869
2011-11-04,107.699
2011-11-03,107.81
2011-11-02,107.225
2011-11-01,107.266
2011-10-31,108.162
2011-10-30,107.227
2011-10-29,107.227
2011-10-28,107.238
2011-10-27,107.713
2011-10-26,105.989
2011-10-25,105.596
2011-10-24,105.931
2011-10-23,105.528
2011-10-22,105.928
2011-10-21,105.807
2011-10-20,105.896
2011-10-19,105.574
2011-10-18,105.69
2011-10-17,105.607
2011-10-16,106.764
2011-10-15,107.15
2011-10-14,107.155
2011-10-13,105.941
2011-10-12,106.646
2011-10-11,104.823
2011-10-10,104.656
2011-10-09,102.466
2011-10-08,102.64
2011-10-07,102.859
2011-10-06,103.028
2011-10-05,102.423
2011-10-04,102.438
2011-10-03,101.135
2011-10-02,102.769
2011-10-01,103.115
2011-09-30,103.314
2011-09-29,104.315
2011-09-28,103.722
2011-09-27,104.363
2011-09-26,103.307
2011-09-25,103.334
2011-09-24,103.38
2011-09-23,103.59
2011-09-22,102.796
2011-09-21,104.213
2011-09-20,104.399
2011-09-19,104.76
2011-09-18,105.49
2011-09-17,105.94
2011-09-16,105.98
2011-09-15,106.405
2011-09-14,105.402
2011-09-13,105.27
2011-09-12,105.6
2011-09-11,105.18
2011-09-10,105.947
2011-09-09,105.86
2011-09-08,107.61
2011-09-07,108.982
2011-09-06,108.768
2011-09-05,108.34
2011-09-04,108.82
2011-09-03,109.13
2011-09-02,109.03
2011-09-01,109.586
2011-08-31,110
2011-08-30,110.808
2011-08-29,111.474
2011-08-28,111.27
2011-08-27,111.16
2011-08-26,111.148
2011-08-25,111.459
2011-08-24,111.002
2011-08-23,110.719
2011-08-22,110.281
2011-08-21,110.21
2011-08-20,110.15
2011-08-19,110.1
2011-08-18,109.747
2011-08-17,110.41
2011-08-16,110.596
2011-08-15,110.905
2011-08-14,109.55
2011-08-13,109.26
2011-08-12,109.445
2011-08-11,109.344
2011-08-10,108.953
2011-08-09,110.37
2011-08-08,110.41
2011-08-07,112.24
2011-08-06,111.978
2011-08-05,112.08
2011-08-04,111.677
2011-08-03,110.183
2011-08-02,109.529
2011-08-01,109.98
2011-07-31,111
2011-07-30,110.53
2011-07-29,110.583
2011-07-28,111.25
2011-07-27,112.095
2011-07-26,113.07
2011-07-25,112.53
2011-07-24,112.4
2011-07-23,112.74
2011-07-22,112.687
2011-07-21,112.751
2011-07-20,112.02
2011-07-19,112.05
2011-07-18,111.559
2011-07-17,111.58
2011-07-16,112
2011-07-15,111.867
2011-07-14,111.854
2011-07-13,111.49000000
2011-07-12,110.90000000
2011-07-11,112.52000000
2011-07-10,115.07000000
2011-07-09,115.07000000
2011-07-08,114.88000000
2011-07-07,116.56000000
2011-07-06,115.77000000
2011-07-05,116.90000000
2011-07-04,117.45000000
2011-07-03,117.44000000
2011-07-02,117.44000000
2011-07-01,117.40000000
2011-06-30,116.80000000
2011-06-29,116.63000000
2011-06-28,116.52000000
2011-06-27,115.49000000
2011-06-26,114.10000000
2011-06-25,114.10000000
2011-06-24,114.07000000
2011-06-23,114.84000000
2011-06-22,115.33000000
2011-06-21,115.47000000
2011-06-20,114.75000000
2011-06-19,114.48000000
2011-06-18,114.48000000
2011-06-17,114.46000000
2011-06-16,114.66000000
2011-06-15,114.77000000
2011-06-14,116.23000000
2011-06-13,115.58000000
2011-06-12,115.21000000
2011-06-11,115.21000000
2011-06-10,115.10000000
2011-06-09,116.51000000
2011-06-08,116.41000000
2011-06-07,117.55000000
2011-06-06,116.73000000
2011-06-05,117.48000000
2011-06-04,117.48000000
2011-06-03,117.42000000
2011-06-02,117.17000000
2011-06-01,115.91000000
2011-05-31,117.17000000
2011-05-31,117.16000000
2011-05-31,117.18000000
2011-05-31,117.18000000
2011-05-30,115.55000000
2011-05-30,115.53000000
2011-05-30,115.55000000
2011-05-30,115.53000000
2011-05-30,115.53000000
2011-05-29,115.63000000
2011-05-28,115.62000000
2011-05-27,115.59000000
2011-05-27,115.57000000
2011-05-27,115.56000000
2011-05-26,114.93000000
2011-05-26,114.91000000
2011-05-26,114.91000000
2011-05-26,114.93000000
2011-05-26,114.95000000
2011-05-25,115.56000000
2011-05-25,115.54000000
2011-05-25,115.50000000
2011-05-25,115.50000000
2011-05-24,115.54000000
2011-05-24,115.59000000
2011-05-24,115.61000000
2011-05-24,115.68000000
2011-05-23,115.19000000
2011-05-23,115.20000000
2011-05-23,115.20000000
2011-05-23,115.13000000
2011-05-23,115.10000000
2011-05-22,115.70000000
2011-05-21,115.68000000
2011-05-20,115.74000000
2011-05-19,116.71000000
2011-05-19,116.69000000
2011-05-19,116.66000000
2011-05-19,116.58000000
2011-05-19,116.63000000
2011-05-18,116.27000000
2011-05-18,116.32000000
2011-05-18,116.33000000
2011-05-18,116.26000000
2011-05-18,116.29000000
2011-05-17,115.79000000
2011-05-17,115.76000000
2011-05-17,115.74000000
2011-05-17,115.71000000
2011-05-17,115.73000000
2011-05-16,114.58000000
2011-05-16,114.56000000
2011-05-16,114.56000000
2011-05-16,114.53000000
2011-05-15,113.90000000
2011-05-14,114.06000000
2011-05-13,113.91000000
2011-05-13,113.92000000
2011-05-13,113.96000000
2011-05-12,115.11000000
2011-05-12,115.13000000
2011-05-11,114.88000000
2011-05-10,116.32000000
2011-05-09,115.12000000
2011-05-07,115.50000000
2011-05-06,115.67000000
2011-05-05,116.91000000
2011-05-04,119.51000000
2011-05-03,120.22000000
2011-05-02,120.16000000
2011-04-29,120.22000000
2011-04-28,121.12000000
2011-04-27,121.61000000
2011-04-26,119.67000000
2011-04-25,118.85000000
2011-04-22,119.14000000
2011-04-21,119.18000000
2011-04-20,119.77000000
2011-04-19,118.88000000
2011-04-18,117.42000000
2011-04-15,119.94000000
2011-04-14,121.33000000
2011-04-13,121.01000000
2011-04-12,121.29000000
2011-04-11,121.79000000
2011-04-08,122.71000000
2011-04-07,121.36000000
2011-04-06,122.38000000
2011-04-05,120.92000000
2011-04-04,119.83000000
2011-04-01,119.63000000
2011-03-31,118.08000000
2011-03-30,117.46000000
2011-03-29,116.49000000
2011-03-28,115.00000000
2011-03-25,114.57000000
2011-03-24,114.79000000
2011-03-23,114.07000000
2011-03-22,114.82000000
2011-03-21,115.47000000
2011-03-18,114.27000000
2011-03-17,111.56000000
2011-03-16,109.84000000
2011-03-15,113.36000000
2011-03-14,114.46000000
2011-03-11,113.78000000
2011-03-10,114.43000000
2011-03-09,115.17000000
2011-03-08,115.07000000
2011-03-07,114.89000000
2011-03-04,115.08000000
2011-03-03,114.96000000
2011-03-02,113.46000000
2011-03-01,112.76000000
2011-02-28,113.17000000
2011-02-25,112.32000000
2011-02-24,113.40000000
2011-02-23,113.44000000
2011-02-22,113.15000000
2011-02-21,113.65000000
2011-02-18,113.86000000
2011-02-17,113.46000000
2011-02-16,113.48000000
2011-02-15,112.98000000
2011-02-14,112.42000000
2011-02-11,113.04000000
2011-02-10,113.36000000
2011-02-09,113.06000000
2011-02-08,112.12000000
2011-02-07,111.85000000
2011-02-04,111.58000000
2011-02-03,111.25000000
2011-02-02,112.61000000
2011-02-01,112.53000000
2011-01-31,112.58000000
2011-01-28,111.75000000
2011-01-27,113.73000000
2011-01-26,112.65000000
2011-01-25,112.58000000
2011-01-24,112.61000000
2011-01-21,112.47000000
2011-01-20,111.68000000
2011-01-19,110.52000000
2011-01-18,110.52000000
2011-01-17,109.80000000
2011-01-14,110.89000000
2011-01-13,110.50000000
2011-01-12,109.06000000
2011-01-11,107.42000000
2011-01-10,107.23000000
2011-01-07,107.31000000
2011-01-06,108.12000000
2011-01-05,109.43000000
2011-01-04,109.26000000
2011-01-03,109.07000000
2010-12-31,108.53000000
2010-12-30,108.39000000
2010-12-29,107.94000000
2010-12-28,107.77000000
2010-12-27,109.13000000
2010-12-24,108.70000000
2010-12-23,108.96000000
2010-12-22,109.59000000
2010-12-21,109.70000000
2010-12-20,109.89000000
2010-12-17,110.75000000
2010-12-16,111.27000000
2010-12-15,111.44000000
2010-12-14,111.93000000
2010-12-13,111.76000000
2010-12-10,111.02000000
2010-12-09,111.00000000
2010-12-08,111.42000000
2010-12-07,110.60000000
2010-12-06,109.87000000
2010-12-03,110.69000000
2010-12-02,110.64000000
2010-12-01,110.42000000
2010-11-30,108.74000000
2010-11-29,110.38000000
2010-11-26,111.33000000
2010-11-25,111.58000000
2010-11-24,111.57000000
2010-11-23,111.45000000
2010-11-22,113.29000000
2010-11-19,114.21000000
2010-11-18,114.08000000
2010-11-17,112.67000000
2010-11-16,112.51000000
2010-11-15,112.87000000
2010-11-12,112.99000000
2010-11-11,112.26000000
2010-11-10,113.24000000
2010-11-09,112.32000000
2010-11-08,112.42000000
2010-11-05,114.00000000
2010-11-04,114.94000000
2010-11-03,114.52000000
2010-11-02,113.20000000
2010-11-01,112.08000000
2010-10-29,112.10000000
2010-10-28,112.85000000
2010-10-27,112.53000000
2010-10-26,112.72000000
2010-10-25,112.50000000
2010-10-22,113.52000000
2010-10-21,113.06000000
2010-10-20,113.33000000
2010-10-19,111.58000000
2010-10-18,113.36000000
2010-10-15,113.82000000
2010-10-14,114.41000000
2010-10-13,114.25000000
2010-10-12,113.86000000
2010-10-11,114.12000000
2010-10-08,114.18000000
2010-10-07,114.68000000
2010-10-06,115.44000000
2010-10-05,115.21000000
2010-10-04,114.06000000
2010-10-01,114.84000000
2010-09-30,113.84000000
2010-09-29,114.11000000
2010-09-28,113.91000000
2010-09-27,113.16000000
2010-09-24,113.57000000
2010-09-23,112.42000000
2010-09-22,113.29000000
2010-09-21,112.90000000
2010-09-20,111.96000000
2010-09-17,112.03000000
2010-09-16,112.12000000
2010-09-15,111.38000000
2010-09-14,107.97000000
2010-09-13,107.54000000
2010-09-10,106.72000000
2010-09-09,106.36000000
2010-09-08,106.89000000
2010-09-07,106.30000000
2010-09-06,107.88000000
2010-09-03,108.75000000
2010-09-02,108.11000000
2010-09-01,108.11000000
2010-08-31,106.60000000
2010-08-30,107.09000000
2010-08-27,108.76000000
2010-08-26,107.12000000
2010-08-25,107.42000000
2010-08-24,106.34000000
2010-08-23,107.46000000
2010-08-20,108.78000000
2010-08-19,109.12000000
2010-08-18,109.34000000
2010-08-17,110.17000000
2010-08-16,109.12000000
2010-08-13,109.91000000
2010-08-12,110.65000000
2010-08-11,109.37000000
2010-08-10,112.22000000
2010-08-09,113.55000000
2010-08-06,113.53000000
2010-08-05,113.08000000
2010-08-04,113.57000000
2010-08-03,113.50000000
2010-08-02,113.95000000
2010-07-30,112.84000000
2010-07-29,113.35000000
2010-07-28,113.65000000
2010-07-27,113.99000000
2010-07-26,112.81000000
2010-07-23,112.77000000
2010-07-22,112.59000000
2010-07-21,110.79000000
2010-07-20,112.80000000
2010-07-19,112.25000000
2010-07-16,111.92000000
2010-07-15,112.93000000
2010-07-14,112.45000000
2010-07-13,112.96000000
2010-07-12,111.84000000
2010-07-09,111.99000000
2010-07-08,112.32000000
2010-07-07,110.87000000
2010-07-06,110.66000000
2010-07-05,109.46000000
2010-07-02,110.21000000
2010-07-01,109.78000000
2010-06-30,108.24000000
2010-06-29,107.95000000
2010-06-28,109.80000000
2010-06-25,110.39000000
2010-06-24,110.47000000
2010-06-23,110.63000000
2010-06-22,111.00000000
2010-06-21,112.13000000
2010-06-18,112.34000000
2010-06-17,112.55000000
2010-06-16,112.30000000
2010-06-15,112.69000000
2010-06-14,111.86000000
2010-06-11,110.99000000
2010-06-10,110.95000000
2010-06-09,109.50000000
2010-06-08,109.21000000
2010-06-07,109.17000000
2010-06-04,109.95000000
2010-06-03,112.74000000
2010-06-02,112.80000000
2010-06-01,111.60000000
2010-05-31,111.85000000
2010-05-28,111.72000000
2010-05-27,112.51000000
2010-05-26,109.62000000
2010-05-25,111.39000000
2010-05-24,111.14000000
2010-05-21,113.16000000
2010-05-20,112.69000000
2010-05-19,113.64000000
2010-05-18,111.56000000
2010-05-17,114.58000000
2010-05-14,114.31000000
2010-05-13,116.03000000
2010-05-12,117.85000000
2010-05-11,117.27000000
2010-05-10,118.45000000
2010-05-07,116.79000000
2010-05-06,115.57000000
2010-05-05,120.26000000
2010-05-04,123.14000000
2010-05-03,124.89000000
2010-04-30,124.72000000
2010-04-29,124.49000000
2010-04-28,124.05000000
2010-04-27,122.82000000
2010-04-26,125.72000000
2010-04-23,125.75000000
2010-04-22,123.64000000
2010-04-21,124.51000000
2010-04-20,124.97000000
2010-04-19,124.70000000
2010-04-16,124.44000000
2010-04-15,126.33000000
2010-04-14,127.38000000
2010-04-13,126.92000000
2010-04-12,126.60000000
2010-04-09,125.78000000
2010-04-08,124.95000000
2010-04-07,124.22000000
2010-04-06,125.27000000
2010-04-05,126.94000000
2010-04-02,127.72000000
2010-04-01,127.34000000
2010-03-31,126.51000000
2010-03-30,124.84000000
2010-03-29,124.67000000
2010-03-26,124.04000000
2010-03-25,123.09000000
2010-03-24,122.63000000
2010-03-23,121.75000000
2010-03-22,122.55000000
2010-03-19,122.48000000
2010-03-18,123.15000000
2010-03-17,124.21000000
2010-03-16,124.30000000
2010-03-15,123.50000000
2010-03-12,124.67000000
2010-03-11,124.07000000
2010-03-10,123.47000000
2010-03-09,122.45000000
2010-03-08,122.98000000
2010-03-05,122.97000000
2010-03-04,121.09000000
2010-03-03,121.38000000
2010-03-02,120.89000000
2010-03-01,120.92000000
2010-02-26,121.16000000
2010-02-25,120.86000000
2010-02-24,122.26000000
2010-02-23,121.93000000
2010-02-22,124.17000000
2010-02-19,124.55000000
2010-02-18,123.85000000
2010-02-17,123.93000000
2010-02-16,124.18000000
2010-02-15,122.45000000
2010-02-12,122.60000000
2010-02-11,122.93000000
2010-02-10,123.61000000
2010-02-09,123.76000000
2010-02-08,121.83000000
2010-02-05,122.05000000
2010-02-04,122.81000000
2010-02-03,126.24000000
2010-02-02,126.38000000
2010-02-01,126.36000000
2010-01-29,125.10000000
2010-01-28,125.36000000
2010-01-27,126.21000000
2010-01-26,126.23000000
2010-01-25,127.89000000
2010-01-22,126.97000000
2010-01-21,127.50000000
2010-01-20,128.71000000
2010-01-19,130.25000000
2010-01-18,130.63000000
2010-01-15,130.53000000
2010-01-14,132.33000000
2010-01-13,132.72000000
2010-01-12,131.87000000
2010-01-11,133.62000000
2010-01-08,133.49000000
2010-01-07,133.79000000
2010-01-06,133.00000000
2010-01-05,131.50000000
2010-01-04,133.39000000
2010-01-01,133.23000000
2009-12-31,133.26000000
2009-12-30,132.58000000
2009-12-29,131.90000000
2009-12-28,131.80000000
2009-12-25,131.57000000
2009-12-24,131.51000000
2009-12-23,131.37000000
2009-12-22,130.87000000
2009-12-21,130.09000000
2009-12-18,129.73000000
2009-12-17,128.62000000
2009-12-16,130.51000000
2009-12-15,130.14000000
2009-12-14,129.96000000
2009-12-11,130.20000000
2009-12-10,129.99000000
2009-12-09,129.78000000
2009-12-08,129.85000000
2009-12-07,132.57000000
2009-12-04,134.44000000
2009-12-03,132.95000000
2009-12-02,132.04000000
2009-12-01,130.75000000
2009-11-30,129.71000000
2009-11-27,129.68000000
2009-11-26,127.44000000
2009-11-25,132.11000000
2009-11-24,132.60000000
2009-11-23,132.98000000
2009-11-20,132.09000000
2009-11-19,132.61000000
2009-11-18,133.68000000
2009-11-17,132.74000000
2009-11-16,133.35000000
2009-11-13,133.58000000
2009-11-12,134.12000000
2009-11-11,134.73000000
2009-11-10,134.45000000
2009-11-09,134.82000000
2009-11-06,133.43000000
2009-11-05,135.06000000
2009-11-04,134.82000000
2009-11-03,133.21000000
2009-11-02,133.54000000
2009-10-30,132.62000000
2009-10-29,135.78000000
2009-10-28,133.35000000
2009-10-27,135.82000000
2009-10-26,136.99000000
2009-10-23,138.17000000
2009-10-22,137.47000000
2009-10-21,136.39000000
2009-10-20,135.55000000
2009-10-19,135.81000000
2009-10-16,135.48000000
2009-10-15,135.80000000
2009-10-14,133.48000000
2009-10-13,133.40000000
2009-10-12,132.70000000
2009-10-09,132.20000000
2009-10-08,131.10000000
2009-10-07,130.27000000
2009-10-06,130.76000000
2009-10-05,131.37000000
2009-10-02,130.86000000
2009-10-01,129.95000000
2009-09-30,131.73000000
2009-09-29,131.68000000
2009-09-28,131.44000000
2009-09-25,131.71000000
2009-09-24,133.07000000
2009-09-23,134.48000000
2009-09-22,134.35000000
2009-09-21,135.13000000
2009-09-18,134.29000000
2009-09-17,134.36000000
2009-09-16,133.91000000
2009-09-15,133.35000000
2009-09-14,133.02000000
2009-09-11,132.11000000
2009-09-10,133.70000000
2009-09-09,134.07000000
2009-09-08,133.89000000
2009-09-07,133.19000000
2009-09-04,132.95000000
2009-09-03,132.16000000
2009-09-02,131.62000000
2009-09-01,131.72000000
2009-08-31,133.14000000
2009-08-28,133.81000000
2009-08-27,134.55000000
2009-08-26,133.96000000
2009-08-25,134.17000000
2009-08-24,134.90000000
2009-08-21,135.33000000
2009-08-20,134.35000000
2009-08-19,134.09000000
2009-08-17,133.27000000
2009-08-14,134.80000000
2009-08-13,136.01000000
2009-08-12,136.73000000
2009-08-11,135.77000000
2009-08-10,137.07000000
2009-08-07,138.33000000
2009-08-06,137.20000000
2009-08-05,136.61000000
2009-08-04,137.39000000
2009-08-03,137.12000000
2009-07-31,134.91000000
2009-07-30,134.58000000
2009-07-29,133.24000000
2009-07-28,133.56000000
2009-07-27,135.57000000
2009-07-24,134.62000000
2009-07-23,134.46000000
2009-07-22,132.91000000
2009-07-21,132.79000000
2009-07-20,133.79000000
2009-07-17,132.83000000
2009-07-16,132.42000000
2009-07-15,132.92000000
2009-07-14,130.91000000
2009-07-13,130.37000000
2009-07-10,128.99000000
2009-07-09,130.50000000
2009-07-08,128.53000000
2009-07-07,131.49000000
2009-07-06,133.22000000
2009-07-03,134.03000000
2009-07-02,133.78000000
2009-07-01,136.53000000
2009-06-30,135.11000000
2009-06-29,135.55000000
2009-06-26,133.91000000
2009-06-24,133.42000000
2009-06-23,134.12000000
2009-06-22,132.15000000
2009-06-19,134.58000000
2009-06-18,134.48000000
2009-06-17,134.02000000
2009-06-16,132.62000000
2009-06-15,134.48000000
2009-06-14,137.55000000
2009-06-12,137.86000000
2009-06-11,137.78000000
2009-06-10,137.39000000
2009-06-09,136.98000000
2009-06-08,137.15000000
2009-06-05,137.89000000
2009-06-04,136.87000000
2009-06-03,135.74000000
2009-06-02,136.38000000
2009-06-01,136.74000000
2009-05-29,134.94000000
2009-05-28,134.88000000
2009-05-27,132.22000000
2009-05-26,133.23000000
2009-05-25,132.97000000
2009-05-22,132.64000000
2009-05-21,130.89000000
2009-05-20,130.35000000
2009-05-19,131.24000000
2009-05-18,130.49000000
2009-05-15,128.47000000
2009-05-14,130.82000000
2009-05-13,129.13000000
2009-05-12,131.62000000
2009-05-11,132.58000000
2009-05-08,134.21000000
2009-05-07,132.76000000
2009-05-06,131.20000000
2009-05-05,131.38000000
2009-05-04,132.60000000
2009-05-01,131.50000000
2009-04-30,130.96000000
2009-04-29,129.47000000
2009-04-28,126.76000000
2009-04-27,125.48000000
2009-04-24,128.64000000
2009-04-23,128.46000000
2009-04-22,127.53000000
2009-04-21,127.44000000
2009-04-20,126.15000000
2009-04-17,129.32000000
2009-04-16,131.17000000
2009-04-15,131.24000000
2009-04-14,131.31000000
2009-04-13,134.20000000
2009-04-10,132.17000000
2009-04-09,132.03000000
2009-04-08,132.36000000
2009-04-07,133.52000000
2009-04-06,133.79000000
2009-04-03,135.25000000
2009-04-02,134.29000000
2009-04-01,130.47000000
2009-03-31,131.66000000
2009-03-30,128.45000000
2009-03-27,130.06000000
2009-03-26,133.54000000
2009-03-25,132.70000000
2009-03-24,132.56000000
2009-03-23,132.23000000
2009-03-20,130.31000000
2009-03-19,129.06000000
2009-03-18,130.02000000
2009-03-17,128.73000000
2009-03-16,127.45000000
2009-03-13,126.61000000
2009-03-12,125.50000000
2009-03-11,124.51000000
2009-03-10,125.59000000
2009-03-09,124.85000000
2009-03-06,124.33000000
2009-03-05,123.09000000
2009-03-04,125.09000000
2009-03-03,123.43000000
2009-03-02,121.94000000
2009-02-27,123.58000000
2009-02-26,125.05000000
2009-02-25,123.84000000
2009-02-24,124.27000000
2009-02-23,119.59000000
2009-02-20,119.64000000
2009-02-19,118.98000000
2009-02-18,117.67000000
2009-02-17,116.14000000
2009-02-16,117.40000000
2009-02-13,118.24000000
2009-02-12,116.81000000
2009-02-11,116.16000000
2009-02-10,116.76000000
2009-02-09,118.36000000
2009-02-06,118.88000000
2009-02-05,116.59000000
2009-02-04,114.97000000
2009-02-03,116.26000000
2009-02-02,114.49000000
2009-01-30,115.20000000
2009-01-29,116.32000000
2009-01-28,119.00000000
2009-01-27,118.05000000
2009-01-26,117.69000000
2009-01-23,115.15000000
2009-01-22,115.92000000
2009-01-21,115.76000000
2009-01-20,115.70000000
2009-01-19,118.66000000
2009-01-16,120.29000000
2009-01-15,118.39000000
2009-01-14,117.77000000
2009-01-13,117.96000000
2009-01-12,119.46000000
2009-01-09,121.79000000
2009-01-08,125.16000000
2009-01-07,126.26000000
2009-01-06,126.11000000
2009-01-05,127.11000000
2009-01-02,127.82000000
2009-01-01,126.97000000
2008-12-31,126.78000000
2008-12-30,127.67000000
2008-12-29,127.20000000
2008-12-26,127.39000000
2008-12-25,126.84000000
2008-12-24,126.70000000
2008-12-23,126.63000000
2008-12-22,125.82000000
2008-12-19,124.21000000
2008-12-18,127.93000000
2008-12-17,125.71000000
2008-12-16,124.74000000
2008-12-15,123.97000000
2008-12-12,121.87000000
2008-12-11,121.97000000
2008-12-10,120.79000000
2008-12-09,119.34000000
2008-12-08,120.08000000
2008-12-05,118.03000000
2008-12-04,118.10000000
2008-12-03,118.33000000
2008-12-02,118.39000000
2008-12-01,117.39000000
2008-11-28,121.14000000
2008-11-27,123.04000000
2008-11-26,123.29000000
2008-11-25,124.38000000
2008-11-24,125.09000000
2008-11-21,120.69000000
2008-11-20,116.97000000
2008-11-19,120.04000000
2008-11-18,122.26000000
2008-11-17,121.83000000
2008-11-14,122.35000000
2008-11-13,124.79000000
2008-11-12,118.09000000
2008-11-11,121.71000000
2008-11-10,124.86000000
2008-11-07,124.89000000
2008-11-06,123.43000000
2008-11-05,126.82000000
2008-11-04,129.52000000
2008-11-03,124.87000000
2008-10-31,125.33000000
2008-10-30,127.10000000
2008-10-29,126.39000000
2008-10-28,125.74000000
2008-10-27,116.18000000
2008-10-24,119.04000000
2008-10-23,125.89000000
2008-10-22,124.84000000
2008-10-21,130.36000000
2008-10-20,136.21000000
2008-10-17,136.33000000
2008-10-16,136.77000000
2008-10-15,133.43000000
2008-10-14,137.74000000
2008-10-13,140.14000000
2008-10-10,135.34000000
2008-10-09,134.26000000
2008-10-08,135.75000000
2008-10-07,137.46000000
2008-10-06,137.30000000
2008-10-03,145.15000000
2008-10-02,144.74000000
2008-10-01,148.38000000
2008-09-30,149.67000000
2008-09-29,149.68000000
2008-09-26,154.61000000
2008-09-25,155.48000000
2008-09-24,155.45000000
2008-09-23,155.06000000
2008-09-22,156.06000000
2008-09-19,155.43000000
2008-09-18,151.46000000
2008-09-17,149.97000000
2008-09-16,150.35000000
2008-09-15,148.43000000
2008-09-12,153.49000000
2008-09-11,150.08000000
2008-09-10,149.68000000
2008-09-09,150.75000000
2008-09-08,152.72000000
2008-09-05,153.74000000
2008-09-04,151.89000000
2008-09-03,157.23000000
2008-09-02,157.14000000
2008-09-01,157.58000000
2008-08-29,159.62000000
2008-08-28,160.86000000
2008-08-27,161.31000000
2008-08-26,160.45000000
2008-08-25,161.00000000
2008-08-22,162.85000000
2008-08-21,161.44000000
2008-08-20,161.82000000
2008-08-19,162.20000000
2008-08-18,161.81000000
2008-08-15,162.40000000
2008-08-14,162.21000000
2008-08-13,162.67000000
2008-08-12,162.72000000
2008-08-11,164.21000000
2008-08-08,165.36000000
2008-08-07,167.44000000
2008-08-06,168.79000000
2008-08-05,167.54000000
2008-08-04,168.43000000
2008-08-01,167.60000000
2008-07-31,167.87000000
2008-07-30,168.49000000
2008-07-29,168.46000000
2008-07-28,169.15000000
2008-07-25,169.42000000
2008-07-24,168.29000000
2008-07-23,169.24000000
2008-07-22,169.25000000
2008-07-21,169.54000000
2008-07-18,169.49000000
2008-07-17,168.40000000
2008-07-16,166.29000000
2008-07-15,166.74000000
2008-07-14,168.75000000
2008-07-11,169.09000000
2008-07-10,168.92000000
2008-07-09,168.11000000
2008-07-08,168.37000000
2008-07-07,168.35000000
2008-07-04,167.72000000
2008-07-03,167.39000000
2008-07-02,168.12000000
2008-07-01,167.64000000
2008-06-30,167.13000000
2008-06-27,167.63000000
2008-06-26,168.38000000
2008-06-25,168.96000000
2008-06-24,167.90000000
2008-06-23,167.44000000
2008-06-20,167.52000000
2008-06-19,167.35000000
2008-06-18,167.60000000
2008-06-17,167.46000000
2008-06-16,167.37000000
2008-06-13,166.37000000
2008-06-12,166.65000000
2008-06-11,166.26000000
2008-06-10,165.94000000
2008-06-09,166.36000000
2008-06-06,165.53000000
2008-06-05,165.16000000
2008-06-04,162.51000000
2008-06-03,162.16000000
2008-06-02,162.17000000
2008-05-30,163.93000000
2008-05-29,163.81000000
2008-05-28,163.83000000
2008-05-27,163.51000000
2008-05-26,163.16000000
2008-05-23,162.93000000
2008-05-22,163.64000000
2008-05-21,162.60000000
2008-05-20,162.20000000
2008-05-19,162.19000000
2008-05-16,162.28000000
2008-05-15,161.89000000
2008-05-14,162.65000000
2008-05-13,162.04000000
2008-05-12,161.33000000
2008-05-09,159.18000000
2008-05-08,159.95000000
2008-05-07,160.94000000
2008-05-06,162.80000000
2008-05-05,162.67000000
2008-05-02,162.41000000
2008-05-01,161.54000000
2008-04-30,162.36000000
2008-04-29,161.80000000
2008-04-28,162.99000000
2008-04-25,163.19000000
2008-04-24,163.56000000
2008-04-23,164.32000000
2008-04-22,164.39000000
2008-04-21,164.19000000
2008-04-18,164.01000000
2008-04-17,162.86000000
2008-04-16,162.32000000
2008-04-15,160.54000000
2008-04-14,159.94000000
2008-04-11,159.21000000
2008-04-10,160.20000000
2008-04-09,160.96000000
2008-04-08,161.24000000
2008-04-07,161.04000000
2008-04-04,159.57000000
2008-04-03,160.38000000
2008-04-02,160.26000000
2008-04-01,158.57000000
2008-03-31,157.22000000
2008-03-28,156.78000000
2008-03-27,157.38000000
2008-03-26,156.86000000
2008-03-25,156.22000000
2008-03-24,155.54000000
2008-03-21,153.65000000
2008-03-20,153.38000000
2008-03-19,154.22000000
2008-03-18,156.29000000
2008-03-17,152.83000000
2008-03-16,154.98000000
2008-03-14,155.17000000
2008-03-13,157.31000000
2008-03-12,157.75000000
2008-03-11,158.40000000
2008-03-10,155.59000000
2008-03-09,157.26000000
2008-03-07,157.65000000
2008-03-06,157.79000000
2008-03-05,158.75000000
2008-03-04,157.23000000
2008-03-03,157.33000000
2008-03-02,156.94000000
2008-02-29,157.44000000
2008-02-28,159.36000000
2008-02-27,160.82000000
2008-02-26,161.04000000
2008-02-25,160.26000000
2008-02-24,159.12000000
2008-02-22,158.90000000
2008-02-21,159.13000000
2008-02-20,159.07000000
2008-02-19,158.96000000
2008-02-18,158.45000000
2008-02-17,158.16000000
2008-02-15,158.27000000
2008-02-14,157.84000000
2008-02-13,157.60000000
2008-02-12,156.53000000
2008-02-11,154.94000000
2008-02-10,156.17000000
2008-02-08,155.65000000
2008-02-07,155.34000000
2008-02-06,155.45000000
2008-02-05,155.89000000
2008-02-04,158.15000000
2008-02-03,157.78000000
2008-02-01,157.57000000
2008-01-31,157.93000000
2008-01-30,157.51000000
2008-01-29,158.09000000
2008-01-28,158.16000000
2008-01-27,156.85000000
2008-01-25,156.63000000
2008-01-24,158.28000000
2008-01-23,156.13000000
2008-01-22,156.82000000
2008-01-21,152.30000000
2008-01-20,155.90000000
2008-01-18,156.18000000
2008-01-17,155.77000000
2008-01-16,157.40000000
2008-01-15,158.03000000
2008-01-14,160.96000000
2008-01-11,160.81000000
2008-01-10,162.21000000
2008-01-09,161.34000000
2008-01-08,160.26000000
2008-01-07,160.40000000
2008-01-04,160.10000000
2008-01-03,161.44000000
2008-01-02,160.78000000
2008-01-01,163.51000000
2007-12-31,162.90000000
2007-12-28,165.32000000
2007-12-27,166.36000000
2007-12-26,165.51000000
2007-12-25,164.36000000
2007-12-24,164.32000000
2007-12-21,163.97000000
2007-12-20,162.13000000
2007-12-19,162.93000000
2007-12-18,163.38000000
2007-12-17,162.64000000
2007-12-14,163.42000000
2007-12-13,164.30000000
2007-12-12,164.80000000
2007-12-11,162.54000000
2007-12-10,164.46000000
2007-12-07,163.72000000
2007-12-06,163.25000000
2007-12-05,161.87000000
2007-12-04,162.17000000
2007-12-03,162.03000000
2007-11-30,162.77000000
2007-11-29,161.98000000
2007-11-28,163.17000000
2007-11-27,161.44000000
2007-11-26,159.68000000
2007-11-23,160.70000000
2007-11-22,161.10000000
2007-11-21,160.98000000
2007-11-20,162.76000000
2007-11-19,160.98000000
2007-11-16,162.82000000
2007-11-15,161.49000000
2007-11-14,163.03000000
2007-11-13,162.49000000
2007-11-12,159.16000000
2007-11-09,162.46000000
2007-11-08,165.44000000
2007-11-07,164.67000000
2007-11-06,167.05000000
2007-11-05,165.49000000
2007-11-02,166.71000000
2007-11-01,165.10000000
2007-10-31,166.99000000
2007-10-30,165.73000000
2007-10-29,165.37000000
2007-10-26,164.39000000
2007-10-25,163.42000000
2007-10-24,162.62000000
2007-10-23,163.83000000
2007-10-22,162.18000000
2007-10-19,163.76000000
2007-10-18,165.12000000
2007-10-17,165.32000000
2007-10-16,165.89000000
2007-10-15,166.76000000
2007-10-12,166.78000000
2007-10-11,166.79000000
2007-10-10,165.58000000
2007-10-09,165.37000000
2007-10-08,164.80000000
2007-10-05,165.34000000
2007-10-04,164.60000000
2007-10-03,164.52000000
2007-10-02,163.64000000
2007-10-01,164.78000000
2007-09-28,163.80000000
2007-09-27,163.54000000
2007-09-26,163.08000000
2007-09-25,162.15000000
2007-09-24,161.60000000
2007-09-21,162.66000000
2007-09-20,161.77000000
2007-09-19,162.05000000
2007-09-18,161.78000000
2007-09-17,159.51000000
2007-09-14,159.97000000
2007-09-13,159.27000000
2007-09-12,158.74000000
2007-09-11,157.88000000
2007-09-10,156.60000000
2007-09-07,156.06000000
2007-09-06,158.10000000
2007-09-05,156.91000000
2007-09-04,158.60000000
2007-09-03,157.59000000
2007-08-31,157.77000000
2007-08-30,158.58000000
2007-08-29,158.18000000
2007-08-28,154.76000000
2007-08-27,157.67000000
2007-08-24,159.30000000
2007-08-23,157.42000000
2007-08-22,156.91000000
2007-08-21,154.11000000
2007-08-20,154.53000000
2007-08-17,153.85000000
2007-08-16,152.70000000
2007-08-15,156.21000000
2007-08-14,159.03000000
2007-08-13,160.91000000
2007-08-10,162.07000000
2007-08-09,161.16000000
2007-08-08,165.22000000
2007-08-07,163.73000000
2007-08-06,163.97000000
2007-08-03,162.56000000
2007-08-02,163.30000000
2007-08-01,162.43000000
2007-07-31,162.04000000
2007-07-30,163.50000000
2007-07-27,161.94000000
2007-07-26,163.47000000
2007-07-25,165.45000000
2007-07-24,166.18000000
2007-07-23,166.91000000
2007-07-20,167.73000000
2007-07-19,168.46000000
2007-07-18,168.36000000
2007-07-17,168.42000000
2007-07-16,167.88000000
2007-07-13,168.11000000
2007-07-12,168.68000000
2007-07-11,168.17000000
2007-07-10,167.28000000
2007-07-09,167.94000000
2007-07-06,168.05000000
2007-07-05,167.12000000
2007-07-04,167.14000000
2007-07-03,166.61000000
2007-07-02,166.54000000
2007-06-29,166.77000000
2007-06-28,165.57000000
2007-06-27,165.88000000
2007-06-26,165.35000000
2007-06-25,166.36000000
2007-06-22,166.68000000
2007-06-21,165.71000000
2007-06-20,165.56000000
2007-06-19,165.70000000
2007-06-18,165.87000000
2007-06-15,165.12000000
2007-06-14,163.74000000
2007-06-13,163.15000000
2007-06-12,161.67000000
2007-06-11,162.53000000
2007-06-08,162.64000000
2007-06-07,162.64000000
2007-06-06,163.16000000
2007-06-05,164.15000000
2007-06-04,164.09000000
2007-06-01,164.20000000
2007-05-31,163.77000000
2007-05-30,163.28000000
2007-05-29,163.56000000
2007-05-28,163.64000000
2007-05-25,163.69000000
2007-05-24,162.83000000
2007-05-23,163.54000000
2007-05-22,163.69000000
2007-05-21,163.53000000
2007-05-18,163.64000000
2007-05-17,163.67000000
2007-05-16,163.34000000
2007-05-15,163.38000000
2007-05-14,163.12000000
2007-05-11,162.53000000
2007-05-10,161.59000000
2007-05-09,162.61000000
2007-05-08,162.40000000
2007-05-07,163.31000000
2007-05-04,163.45000000
2007-05-03,163.09000000
2007-05-02,163.37000000
2007-05-01,162.98000000
2007-04-30,163.12000000
2007-04-27,163.17000000
2007-04-26,162.50000000
2007-04-25,161.78000000
2007-04-24,161.65000000
2007-04-23,160.84000000
2007-04-20,161.28000000
2007-04-19,161.35000000
2007-04-18,161.14000000
2007-04-17,161.27000000
2007-04-16,161.97000000
2007-04-13,161.30000000
2007-04-12,160.49000000
2007-04-11,160.34000000
2007-04-10,160.04000000
2007-04-09,159.25000000
2007-04-06,159.60000000
2007-04-05,159.36000000
2007-04-04,158.67000000
2007-04-03,158.31000000
2007-04-02,157.59000000
2007-03-30,157.14000000
2007-03-29,157.39000000
2007-03-28,155.61000000
2007-03-27,156.70000000
2007-03-26,157.53000000
2007-03-22,157.46000000
2007-03-21,157.30000000
2007-03-20,156.11000000
2007-03-19,156.22000000
2007-03-16,155.38000000
2007-03-15,155.58000000
2007-03-14,155.19000000
2007-03-13,153.01000000
2007-03-12,155.09000000
2007-03-09,155.19000000
2007-03-08,153.92000000
2007-03-07,152.45000000
2007-03-06,153.41000000
2007-03-05,151.25000000
2007-03-02,154.05000000
2007-03-01,155.04000000
2007-02-28,157.08000000
2007-02-27,156.24000000
2007-02-26,159.14000000
2007-02-23,159.39000000
2007-02-22,159.43000000
2007-02-21,158.88000000
2007-02-20,157.77000000
2007-02-19,157.41000000
2007-02-16,156.87000000
2007-02-15,156.80000000
2007-02-14,158.05000000
2007-02-13,158.02000000
2007-02-12,157.80000000
2007-02-09,158.31000000
2007-02-08,157.94000000
2007-02-07,157.06000000
2007-02-06,155.89000000
2007-02-05,155.43000000
2007-02-02,156.98000000
2007-02-01,157.26000000
2007-01-31,157.25000000
2007-01-30,157.77000000
2007-01-29,157.77000000
2007-01-26,156.96000000
2007-01-25,157.28000000
2007-01-24,156.69000000
2007-01-23,158.45000000
2007-01-22,157.49000000
2007-01-19,157.05000000
2007-01-18,157.15000000
2007-01-17,156.05000000
2007-01-16,156.04000000
2007-01-15,155.77000000
2007-01-12,155.49000000
2007-01-11,155.15000000
2007-01-10,154.64000000
2007-01-09,154.99000000
2007-01-08,154.75000000
2007-01-05,154.26000000
2007-01-04,155.54000000
2007-01-03,157.16000000
2007-01-02,157.76000000
2007-01-01,157.12000000
2006-12-29,157.12000000
2006-12-28,156.30000000
2006-12-27,155.88000000
2006-12-26,156.18000000
2006-12-25,156.12000000
2006-12-22,156.00000000
2006-12-21,155.89000000
2006-12-20,156.01000000
2006-12-19,155.83000000
2006-12-18,154.68000000
2006-12-15,154.57000000
2006-12-14,154.92000000
2006-12-13,155.18000000
2006-12-12,155.01000000
2006-12-11,154.70000000
2006-12-08,153.57000000
2006-12-07,152.97000000
2006-12-06,153.21000000
2006-12-05,153.05000000
2006-12-04,153.83000000
2006-12-01,153.96000000
2006-11-30,153.28000000
2006-11-29,153.04000000
2006-11-28,153.24000000
2006-11-27,152.48000000
2006-11-24,151.74000000
2006-11-23,150.57000000
2006-11-22,151.10000000
2006-11-21,151.38000000
2006-11-20,151.31000000
2006-11-17,151.04000000
2006-11-16,151.17000000
2006-11-15,151.17000000
2006-11-14,150.71000000
2006-11-13,150.81000000
2006-11-10,151.01000000
2006-11-09,151.19000000
2006-11-08,150.34000000
2006-11-07,150.26000000
2006-11-06,150.39000000
2006-11-03,150.08000000
2006-11-02,149.65000000
2006-11-01,149.51000000
2006-10-31,149.06000000
2006-10-30,149.53000000
2006-10-27,149.65000000
2006-10-26,150.52000000
2006-10-25,150.00000000
2006-10-24,149.85000000
2006-10-23,149.69000000
2006-10-20,149.78000000
2006-10-19,149.42000000
2006-10-18,149.13000000
2006-10-17,148.79000000
2006-10-16,149.20000000
2006-10-13,149.66000000
2006-10-12,149.80000000
2006-10-11,149.91000000
2006-10-10,150.07000000
2006-10-09,149.91000000
2006-10-06,149.99000000
2006-10-05,149.48000000
2006-10-04,149.79000000
2006-10-03,150.28000000
2006-10-02,149.89000000
2006-09-29,149.69000000
2006-09-28,149.63000000
2006-09-27,149.32000000
2006-09-26,148.60000000
2006-09-25,148.45000000
2006-09-22,149.12000000
2006-09-21,148.78000000
2006-09-20,148.89000000
2006-09-19,149.00000000
2006-09-18,149.71000000
2006-09-15,148.70000000
2006-09-14,149.66000000
2006-09-13,149.12000000
2006-09-12,149.49000000
2006-09-11,149.30000000
2006-09-08,148.16000000
2006-09-07,148.05000000
2006-09-06,149.43000000
2006-09-05,148.70000000
2006-09-04,149.27000000
2006-09-01,150.23000000
2006-08-31,150.38000000
2006-08-30,150.41000000
2006-08-29,149.76000000
2006-08-28,149.90000000
2006-08-25,149.53000000
2006-08-24,148.84000000
2006-08-23,148.74000000
2006-08-22,149.04000000
2006-08-21,149.28000000
2006-08-18,148.47000000
2006-08-17,148.73000000
2006-08-16,148.72000000
2006-08-15,148.23000000
2006-08-14,148.21000000
2006-08-11,147.94000000
2006-08-10,147.58000000
2006-08-09,148.52000000
2006-08-08,147.80000000
2006-08-07,147.54000000
2006-08-04,147.57000000
2006-08-03,147.41000000
2006-08-02,146.57000000
2006-08-01,146.73000000
2006-07-31,146.23000000
2006-07-28,146.52000000
2006-07-27,146.99000000
2006-07-26,147.87000000
2006-07-25,147.30000000
2006-07-24,147.41000000
2006-07-21,147.41000000
2006-07-20,147.74000000
2006-07-19,147.12000000
2006-07-18,146.63000000
2006-07-17,146.42000000
2006-07-14,146.88000000
2006-07-13,146.45000000
2006-07-12,146.49000000
2006-07-11,145.83000000
2006-07-10,145.57000000
2006-07-07,146.19000000
2006-07-06,147.21000000
2006-07-05,147.15000000
2006-07-04,147.10000000
2006-07-03,146.78000000
2006-06-30,146.31000000
2006-06-29,145.82000000
2006-06-28,145.96000000
2006-06-27,146.24000000
2006-06-26,146.26000000
2006-06-23,145.61000000
2006-06-22,145.94000000
2006-06-21,145.33000000
2006-06-20,144.63000000
2006-06-19,145.23000000
2006-06-16,145.54000000
2006-06-15,145.00000000
2006-06-14,144.85000000
2006-06-13,144.58000000
2006-06-12,143.91000000
2006-06-09,144.00000000
2006-06-08,144.08000000
2006-06-07,145.18000000
2006-06-06,145.12000000
2006-06-05,144.79000000
2006-06-02,144.30000000
2006-06-01,144.16000000
2006-05-31,144.17000000
2006-05-30,144.32000000
2006-05-29,143.57000000
2006-05-26,143.42000000
2006-05-25,142.84000000
2006-05-24,143.94000000
2006-05-23,143.33000000
2006-05-22,143.42000000
2006-05-19,142.63000000
2006-05-18,142.03000000
2006-05-17,141.47000000
2006-05-16,141.06000000
2006-05-15,141.66000000
2006-05-12,142.27000000
2006-05-11,141.61000000
2006-05-10,141.70000000
2006-05-09,141.66000000
2006-05-08,141.79000000
2006-05-05,143.21000000
2006-05-04,144.09000000
2006-05-03,143.65000000
2006-05-02,142.90000000
2006-05-01,142.88000000
2006-04-28,143.72000000
2006-04-27,143.07000000
2006-04-26,142.83000000
2006-04-25,142.73000000
2006-04-24,141.93000000
2006-04-21,143.69000000
2006-04-20,144.53000000
2006-04-19,145.28000000
2006-04-18,144.62000000
2006-04-17,144.43000000
2006-04-14,143.68000000
2006-04-13,143.72000000
2006-04-12,143.40000000
2006-04-11,143.52000000
2006-04-10,143.48000000
2006-04-07,143.04000000
2006-04-06,143.71000000
2006-04-05,144.47000000
2006-04-04,143.96000000
2006-04-03,143.03000000
2006-03-31,142.71000000
2006-03-30,142.68000000
2006-03-29,141.77000000
2006-03-28,141.44000000
2006-03-27,139.98000000
2006-03-24,141.38000000
2006-03-23,141.07000000
2006-03-22,141.17000000
2006-03-21,141.95000000
2006-03-20,141.56000000
2006-03-17,141.31000000
2006-03-16,142.30000000
2006-03-15,141.87000000
2006-03-14,141.41000000
2006-03-13,142.02000000
2006-03-10,141.75000000
2006-03-09,140.66000000
2006-03-08,140.44000000
2006-03-07,139.95000000
2006-03-06,141.30000000
2006-03-03,140.17000000
2006-03-02,139.40000000
2006-03-01,138.30000000
2006-02-28,138.09000000
2006-02-27,137.64000000
2006-02-24,138.84000000
2006-02-23,139.56000000
2006-02-22,141.08000000
2006-02-21,141.60000000
2006-02-20,141.23000000
2006-02-17,140.96000000
2006-02-16,139.87000000
2006-02-15,140.17000000
2006-02-14,140.16000000
2006-02-13,140.00000000
2006-02-09,142.49000000
2006-02-08,141.80000000
2006-02-07,141.12000000
2006-02-06,142.46000000
2006-02-03,143.01000000
2006-02-02,143.25000000
2006-02-01,142.35000000
2006-01-31,142.53000000
2006-01-30,142.17000000
2006-01-27,141.88000000
2006-01-26,142.09000000
2006-01-25,141.81000000
2006-01-24,141.10000000
2006-01-23,140.81000000
2006-01-20,139.89000000
2006-01-19,139.69000000
2006-01-18,139.60000000
2006-01-17,139.95000000
2006-01-16,139.45000000
2006-01-13,138.58000000
2006-01-12,137.99000000
2006-01-11,138.71000000
2006-01-10,138.06000000
2006-01-09,138.27000000
2006-01-06,139.08000000
2006-01-02,139.11000000
2005-12-28,139.46000000
2005-12-27,139.09000000
2005-12-26,137.94000000
2005-12-23,137.90000000
2005-12-22,138.46000000
2005-12-21,138.99000000
2005-12-20,139.30000000
2005-12-19,139.35000000
2005-12-16,138.94000000
2005-12-15,139.14000000
2005-12-14,140.77000000
2005-12-13,143.44000000
2005-12-12,143.31000000
2005-12-09,142.50000000
2005-12-08,142.26000000
2005-12-07,141.81000000
2005-12-06,142.37000000
2005-12-05,142.45000000
2005-12-02,141.35000000
2005-12-01,141.37000000
2005-11-30,141.25000000
2005-11-29,140.92000000
2005-11-28,140.84000000
2005-11-25,140.25000000
2005-11-24,140.31000000
2005-11-23,140.21000000
2005-11-22,140.38000000
2005-11-21,139.78000000
2005-11-18,140.25000000
2005-11-17,139.59000000
2005-11-16,139.07000000
2005-11-15,139.43000000
2005-11-14,138.88000000
2005-11-11,138.39000000
2005-11-10,137.73000000
2005-11-09,138.64000000
2005-11-08,138.09000000
2005-11-07,138.63000000
2005-11-04,139.69000000
2005-11-03,140.12000000
2005-11-02,140.95000000
2005-11-01,140.41000000
2005-10-31,139.54000000
2005-10-28,139.54000000
2005-10-27,139.96000000
2005-10-26,139.94000000
2005-10-25,139.31000000
2005-10-24,138.22000000
2005-10-21,138.54000000
2005-10-20,138.63000000
2005-10-19,138.20000000
2005-10-18,138.17000000
2005-10-17,138.34000000
2005-10-14,137.73000000
2005-10-13,137.57000000
2005-10-12,137.56000000
2005-10-11,137.09000000
2005-10-10,137.49000000
2005-10-08,138.04000000
2005-10-07,138.04000000
2005-10-06,137.86000000
2005-10-05,136.88000000
2005-10-04,136.23000000
2005-10-03,136.13000000
2005-09-30,136.46000000
2005-09-29,136.18000000
2005-09-28,136.20000000
2005-09-27,136.12000000
2005-09-26,135.55000000
2005-09-23,135.42000000
2005-09-22,135.59000000
2005-09-21,136.16000000
2005-09-20,135.55000000
2005-09-19,135.46000000
2005-09-16,136.28000000
2005-09-15,135.41000000
2005-09-14,135.74000000
2005-09-13,135.95000000
2005-09-12,135.46000000
2005-09-09,136.12000000
2005-09-08,137.02000000
2005-09-07,136.71000000
2005-09-06,136.30000000
2005-09-05,136.83000000
2005-09-02,137.61000000
2005-09-01,137.16000000
2005-08-31,136.63000000
2005-08-30,136.17000000
2005-08-29,135.19000000
2005-08-26,135.32000000
2005-08-25,135.45000000
2005-08-24,135.31000000
2005-08-23,134.45000000
2005-08-22,134.13000000
2005-08-19,134.20000000
2005-08-18,134.52000000
2005-08-17,134.84000000
2005-08-16,135.48000000
2005-08-15,135.11000000
2005-08-12,136.11000000
2005-08-11,136.86000000
2005-08-10,136.89000000
2005-08-09,138.15000000
2005-08-08,138.47000000
2005-08-05,138.40000000
2005-08-04,137.82000000
2005-08-03,137.08000000
2005-08-02,135.81000000
2005-08-01,136.78000000
2005-07-29,136.40000000
2005-07-28,136.24000000
2005-07-27,135.49000000
2005-07-26,135.25000000
2005-07-25,134.45000000
2005-07-22,134.37000000
2005-07-21,134.46000000
2005-07-20,136.93000000
2005-07-19,135.79000000
2005-07-18,134.90000000
2005-07-15,134.97000000
2005-07-14,135.82000000
2005-07-13,135.37000000
2005-07-12,135.65000000
2005-07-11,134.67000000
2005-07-08,134.46000000
2005-07-07,133.87000000
2005-07-06,133.89000000
2005-07-05,133.13000000
2005-07-04,133.00000000
2005-07-01,133.69000000
2005-06-30,133.85000000
2005-06-29,133.57000000
2005-06-28,132.57000000
2005-06-27,133.06000000
2005-06-24,131.84000000
2005-06-23,131.01000000
2005-06-22,131.84000000
2005-06-21,132.24000000
2005-06-20,132.76000000
2005-06-17,133.35000000
2005-06-16,131.72000000
2005-06-15,132.26000000
2005-06-14,131.65000000
2005-06-13,132.63000000
2005-06-10,131.71000000
2005-06-09,131.55000000
2005-06-08,131.31000000
2005-06-07,130.95000000
2005-06-06,131.07000000
2005-06-03,131.78000000
2005-06-02,132.86000000
2005-06-01,132.53000000
2005-05-31,133.25000000
2005-05-30,134.66000000
2005-05-27,135.81000000
2005-05-26,135.09000000
2005-05-25,135.75000000
2005-05-24,135.10000000
2005-05-23,135.36000000
2005-05-20,135.72000000
2005-05-19,136.01000000
2005-05-18,135.67000000
2005-05-17,135.41000000
2005-05-16,134.56000000
2005-05-13,135.57000000
2005-05-12,135.38000000
2005-05-11,135.35000000
2005-05-10,135.77000000
2005-05-09,135.83000000
2005-05-06,134.81000000
2005-05-05,135.44000000
2005-05-04,135.31000000
2005-05-03,135.09000000
2005-05-02,134.96000000
2005-04-29,134.84000000
2005-04-28,136.87000000
2005-04-27,137.12000000
2005-04-26,137.72000000
2005-04-25,137.27000000
2005-04-22,138.47000000
2005-04-21,139.31000000
2005-04-20,140.09000000
2005-04-19,139.65000000
2005-04-18,139.84000000
2005-04-15,139.28000000
2005-04-14,138.55000000
2005-04-13,138.51000000
2005-04-12,139.10000000
2005-04-11,139.66000000
2005-04-08,139.99000000
2005-04-07,139.40000000
2005-04-06,140.03000000
2005-04-05,139.16000000
2005-04-04,139.09000000
2005-04-01,138.87000000
2005-03-31,139.07000000
2005-03-30,138.84000000
2005-03-29,139.10000000
2005-03-28,138.29000000
2005-03-25,137.81000000
2005-03-24,137.56000000
2005-03-23,137.60000000
2005-03-22,137.99000000
2005-03-21,138.43000000
2005-03-18,139.56000000
2005-03-17,139.87000000
2005-03-16,139.74000000
2005-03-15,139.12000000
2005-03-14,140.26000000
2005-03-11,139.94000000
2005-03-10,139.68000000
2005-03-09,139.10000000
2005-03-08,139.57000000
2005-03-07,138.90000000
2005-03-04,138.67000000
2005-03-03,138.03000000
2005-03-02,137.67000000
2005-03-01,137.58000000
2005-02-28,138.17000000
2005-02-25,139.36000000
2005-02-24,139.08000000
2005-02-23,138.65000000
2005-02-22,138.24000000
2005-02-21,137.72000000
2005-02-18,138.08000000
2005-02-17,137.91000000
2005-02-16,137.40000000
2005-02-15,136.08000000
2005-02-14,136.33000000
2005-02-11,136.00000000
2005-02-10,136.26000000
2005-02-09,135.25000000
2005-02-08,134.98000000
2005-02-07,133.78000000
2005-02-04,133.94000000
2005-02-03,135.49000000
2005-02-02,135.10000000
2005-02-01,135.23000000
2005-01-31,135.21000000
2005-01-28,134.63000000
2005-01-27,134.13000000
2005-01-26,134.78000000
2005-01-25,134.93000000
2005-01-24,133.78000000
2005-01-21,133.92000000
2005-01-20,133.99000000
2005-01-19,133.79000000
2005-01-18,133.05000000
2005-01-17,133.40000000
2005-01-14,133.76000000
2005-01-13,135.37000000
2005-01-12,135.83000000
2005-01-11,135.65000000
2005-01-10,136.56000000
2005-01-07,136.73000000
2005-01-06,138.26000000
2005-01-05,137.97000000
2005-01-04,138.58000000
2005-01-03,138.39000000
2004-12-31,139.07000000
2004-12-30,140.28000000
2004-12-29,141.32000000
2004-12-28,140.24000000
2004-12-27,140.17000000
2004-12-24,140.27000000
2004-12-23,139.89000000
2004-12-22,139.47000000
2004-12-21,139.42000000
2004-12-20,139.46000000
2004-12-17,138.61000000
2004-12-16,138.66000000
2004-12-15,139.72000000
2004-12-14,140.06000000
2004-12-13,139.44000000
2004-12-10,139.13000000
2004-12-09,139.30000000
2004-12-08,138.78000000
2004-12-07,138.12000000
2004-12-06,138.18000000
2004-12-03,137.30000000
2004-12-02,136.73000000
2004-12-01,136.83000000
2004-11-30,136.82000000
2004-11-29,136.62000000
2004-11-26,136.36000000
2004-11-25,135.88000000
2004-11-24,135.54000000
2004-11-23,135.30000000
2004-11-22,134.51000000
2004-11-19,134.24000000
2004-11-18,135.04000000
2004-11-17,135.66000000
2004-11-16,136.60000000
2004-11-15,136.39000000
2004-11-12,136.91000000
2004-11-11,137.71000000
2004-11-10,137.74000000
2004-11-09,136.41000000
2004-11-08,136.34000000
2004-11-05,136.83000000
2004-11-04,136.62000000
2004-11-03,136.07000000
2004-11-02,134.88000000
2004-11-01,135.67000000
2004-10-29,135.26000000
2004-10-28,135.14000000
2004-10-27,135.43000000
2004-10-26,136.11000000
2004-10-25,136.59000000
2004-10-22,136.10000000
2004-10-21,135.55000000
2004-10-20,136.31000000
2004-10-19,135.72000000
2004-10-18,136.55000000
2004-10-15,136.41000000
2004-10-14,135.74000000
2004-10-13,135.28000000
2004-10-12,134.87000000
2004-10-11,135.41000000
2004-10-08,135.89000000
2004-10-07,136.69000000
2004-10-06,136.82000000
2004-10-05,136.78000000
2004-10-04,136.18000000
2004-10-01,137.04000000
2004-09-30,136.63000000
2004-09-29,137.04000000
2004-09-28,137.03000000
2004-09-27,136.79000000
2004-09-24,135.83000000
2004-09-23,135.77000000
2004-09-22,135.72000000
2004-09-21,135.17000000
2004-09-20,133.80000000
2004-09-17,133.71000000
2004-09-16,133.60000000
2004-09-15,133.69000000
2004-09-14,134.20000000
2004-09-13,134.97000000
2004-09-10,134.53000000
2004-09-09,134.38000000
2004-09-08,133.07000000
2004-09-07,132.16000000
2004-09-06,132.77000000
2004-09-03,133.13000000
2004-09-02,133.12000000
2004-09-01,133.29000000
2004-08-31,132.85000000
2004-08-30,132.67000000
2004-08-27,131.62000000
2004-08-26,132.77000000
2004-08-25,132.81000000
2004-08-24,132.45000000
2004-08-23,133.49000000
2004-08-20,134.42000000
2004-08-19,135.41000000
2004-08-18,135.07000000
2004-08-17,135.64000000
2004-08-16,136.40000000
2004-08-13,137.00000000
2004-08-12,136.48000000
2004-08-11,135.29000000
2004-08-10,136.04000000
2004-08-09,135.80000000
2004-08-06,135.68000000
2004-08-05,134.86000000
2004-08-04,133.85000000
2004-08-03,133.29000000
2004-08-02,133.17000000
2004-07-30,133.84000000
2004-07-29,134.89000000
2004-07-28,134.63000000
2004-07-27,133.76000000
2004-07-26,133.56000000
2004-07-23,133.25000000
2004-07-22,134.55000000
2004-07-21,134.59000000
2004-07-20,133.73000000
2004-07-19,134.72000000
2004-07-16,135.39000000
2004-07-15,135.72000000
2004-07-14,135.21000000
2004-07-13,133.85000000
2004-07-12,134.62000000
2004-07-09,134.33000000
2004-07-08,134.95000000
2004-07-07,134.24000000
2004-07-06,134.60000000
2004-07-05,134.28000000
2004-07-02,133.46000000
2004-07-01,131.90000000
2004-06-30,131.95000000
2004-06-29,130.99000000
2004-06-28,131.60000000
2004-06-25,131.05000000
2004-06-24,130.63000000
2004-06-23,130.61000000
2004-06-22,132.04000000
2004-06-21,131.76000000
2004-06-18,132.14000000
2004-06-17,131.84000000
2004-06-16,132.05000000
2004-06-15,132.90000000
2004-06-14,134.20000000
2004-06-11,132.21000000
2004-06-10,132.32000000
2004-06-09,132.82000000
2004-06-08,134.19000000
2004-06-07,134.90000000
2004-06-04,136.61000000
2004-06-03,135.63000000
2004-06-02,134.32000000
2004-06-01,135.35000000
2004-05-31,133.51000000
2004-05-30,134.89000000
2004-05-28,134.72000000
2004-05-27,136.11000000
2004-05-26,135.40000000
2004-05-25,135.42000000
2004-05-24,135.58000000
2004-05-21,134.72000000
2004-05-20,134.83000000
2004-05-19,135.85000000
2004-05-18,135.93000000
2004-05-17,137.05000000
2004-05-14,135.53000000
2004-05-13,135.26000000
2004-05-12,134.40000000
2004-05-11,134.23000000
2004-05-10,134.76000000
2004-05-07,133.46000000
2004-05-06,132.62000000
2004-05-05,132.19000000
2004-05-04,132.48000000
2004-05-03,131.64000000
2004-04-30,132.38000000
2004-04-29,131.45000000
2004-04-28,130.24000000
2004-04-27,130.65000000
2004-04-26,128.87000000
2004-04-23,129.04000000
2004-04-22,130.68000000
2004-04-21,129.03000000
2004-04-20,129.06000000
2004-04-19,130.32000000
2004-04-16,129.36000000
2004-04-15,129.74000000
2004-04-14,129.46000000
2004-04-13,127.44000000
2004-04-12,127.23000000
2004-04-09,128.52000000
2004-04-08,128.83000000
2004-04-07,128.22000000
2004-04-06,128.36000000
2004-04-05,126.30000000
2004-04-02,126.76000000
2004-04-01,128.21000000
2004-03-31,127.96000000
2004-03-30,129.00000000
2004-03-29,128.20000000
2004-03-26,128.56000000
2004-03-25,128.77000000
2004-03-24,129.17000000
2004-03-23,131.73000000
2004-03-22,131.75000000
2004-03-19,131.04000000
2004-03-18,132.22000000
2004-03-17,132.37000000
2004-03-16,133.21000000
2004-03-15,135.34000000
2004-03-12,135.32000000
2004-03-11,136.85000000
2004-03-10,135.66000000
2004-03-09,137.26000000
2004-03-08,138.26000000
2004-03-05,138.51000000
2004-03-04,135.72000000
2004-03-03,134.24000000
2004-03-02,134.39000000
2004-03-01,135.57000000
2004-02-27,136.31000000
2004-02-26,136.29000000
2004-02-25,136.19000000
2004-02-24,137.16000000
2004-02-23,136.10000000
2004-02-20,136.67000000
2004-02-19,136.39000000
2004-02-18,135.29000000
2004-02-17,135.78000000
2004-02-16,134.57000000
2004-02-13,134.23000000
2004-02-12,134.94000000
2004-02-11,135.12000000
2004-02-10,133.90000000
2004-02-09,134.30000000
2004-02-06,134.09000000
2004-02-05,132.72000000
2004-02-04,132.23000000
2004-02-03,132.29000000
2004-02-02,131.16000000
2004-01-30,131.83000000
2004-01-29,131.43000000
2004-01-28,132.01000000
2004-01-27,133.44000000
2004-01-26,132.81000000
2004-01-23,134.24000000
2004-01-22,135.03000000
2004-01-21,135.22000000
2004-01-20,134.67000000
2004-01-19,132.42000000
2004-01-16,132.20000000
2004-01-15,133.90000000
2004-01-14,134.36000000
2004-01-13,135.82000000
2004-01-12,135.78000000
2004-01-09,136.82000000
2004-01-08,135.62000000
2004-01-07,134.20000000
2004-01-06,135.11000000
2004-01-05,134.80000000
2004-01-02,134.69000000
2004-01-01,135.03000000
2003-12-31,134.90000000
2003-12-30,134.28000000
2003-12-29,133.67000000
2003-12-26,133.53000000
2003-12-25,133.46000000
2003-12-24,133.58000000
2003-12-23,133.17000000
2003-12-22,133.23000000
2003-12-19,133.36000000
2003-12-18,133.72000000
2003-12-17,133.15000000
2003-12-16,132.44000000
2003-12-15,132.64000000
2003-12-12,132.40000000
2003-12-11,132.04000000
2003-12-10,132.11000000
2003-12-09,131.17000000
2003-12-08,131.23000000
2003-12-05,130.94000000
2003-12-04,130.74000000
2003-12-03,131.21000000
2003-12-02,131.43000000
2003-12-01,130.63000000
2003-11-28,131.47000000
2003-11-27,130.21000000
2003-11-26,130.10000000
2003-11-25,128.87000000
2003-11-24,128.85000000
2003-11-21,129.55000000
2003-11-20,129.79000000
2003-11-19,129.77000000
2003-11-18,129.28000000
2003-11-17,128.06000000
2003-11-14,127.54000000
2003-11-13,126.85000000
2003-11-12,126.60000000
2003-11-11,125.17000000
2003-11-10,124.50000000
2003-11-07,126.10000000
2003-11-06,125.68000000
2003-11-05,125.53000000
2003-11-04,125.70000000
2003-11-03,126.93000000
2003-10-31,127.40000000
2003-10-30,126.28000000
2003-10-29,126.20000000
2003-10-28,126.20000000
2003-10-27,127.30000000
2003-10-24,128.67000000
2003-10-23,129.42000000
2003-10-22,128.78000000
2003-10-21,127.68000000
2003-10-20,128.27000000
2003-10-17,127.61000000
2003-10-16,126.92000000
2003-10-15,127.34000000
2003-10-14,127.62000000
2003-10-13,127.47000000
2003-10-10,128.26000000
2003-10-09,128.08000000
2003-10-08,129.52000000
2003-10-07,129.01000000
2003-10-06,130.15000000
2003-10-03,128.36000000
2003-10-02,129.57000000
2003-10-01,130.06000000
2003-09-30,129.92000000
2003-09-29,129.38000000
2003-09-26,128.08000000
2003-09-25,128.56000000
2003-09-24,128.51000000
2003-09-23,128.45000000
2003-09-22,128.49000000
2003-09-19,129.92000000
2003-09-18,129.67000000
2003-09-17,131.00000000
2003-09-16,129.70000000
2003-09-15,132.39000000
2003-09-12,132.41000000
2003-09-11,130.97000000
2003-09-10,130.92000000
